ebay_id,ebay_name,ebay_path
6778,Oil Pumps & Parts,eBay Motors|Parts & Accessories|Car & Truck Parts & Accessories|Engines & Engine Parts|Oil Pumps & Parts
6781,Additional Glass & Window Parts,eBay Motors|Parts & Accessories|Car & Truck Parts & Accessories|Exterior Parts & Accessories|Glass & Window Parts|Additional Glass & Window Parts
9886,Other Car & Truck Parts & Accessories,eBay Motors|Parts & Accessories|Car & Truck Parts & Accessories|Other Car & Truck Parts & Accessories
9887,Other Interior Parts & Accessories,eBay Motors|Parts & Accessories|Car & Truck Parts & Accessories|Interior Parts & Accessories|Other Interior Parts & Accessories
14769,Other Exterior Parts & Accessories,eBay Motors|Parts & Accessories|Car & Truck Parts & Accessories|Exterior Parts & Accessories|Other Exterior Parts & Accessories
33543,A/C Compressors & Clutches,eBay Motors|Parts & Accessories|Car & Truck Parts & Accessories|Air Conditioning & Heating|A/C Compressors & Clutches
33544,A/C Hoses & Fittings,eBay Motors|Parts & Accessories|Car & Truck Parts & Accessories|Air Conditioning & Heating|A/C Hoses & Fittings
33545,HVAC Controls & Control Units,eBay Motors|Parts & Accessories|Car & Truck Parts & Accessories|Air Conditioning & Heating|HVAC Controls & Control Units
33546,HVAC Blower Motors & Wheels,eBay Motors|Parts & Accessories|Car & Truck Parts & Accessories|Air Conditioning & Heating|Blowers & Fans|HVAC Blower Motors & Wheels
33547,A/C Evaporators,eBay Motors|Parts & Accessories|Car & Truck Parts & Accessories|Air Conditioning & Heating|A/C Evaporators
33550,Carburetors,eBay Motors|Parts & Accessories|Car & Truck Parts & Accessories|Air & Fuel Delivery|Carburetors
33551,Carburetor Parts,eBay Motors|Parts & Accessories|Car & Truck Parts & Accessories|Air & Fuel Delivery|Carburetor Parts
33553,Additional Fuel Injection Parts,eBay Motors|Parts & Accessories|Car & Truck Parts & Accessories|Air & Fuel Delivery|Fuel Injection Parts|Additional Fuel Injection Parts
33554,Fuel Injectors,eBay Motors|Parts & Accessories|Car & Truck Parts & Accessories|Air & Fuel Delivery|Fuel Injection Parts|Fuel Injectors
33555,Fuel Pumps & Sending Units,eBay Motors|Parts & Accessories|Car & Truck Parts & Accessories|Air & Fuel Delivery|Fuel Pumps & Sending Units
33556,Fuel Tanks & Filler Necks,eBay Motors|Parts & Accessories|Car & Truck Parts & Accessories|Air & Fuel Delivery|Fuel Tanks & Filler Necks
33557,Air Intake & Fuel Sensors,eBay Motors|Parts & Accessories|Car & Truck Parts & Accessories|Air & Fuel Delivery|Air Intake & Fuel Sensors
33558,Throttle Bodies,eBay Motors|Parts & Accessories|Car & Truck Parts & Accessories|Air & Fuel Delivery|Throttle Bodies
33560,Additional ABS Parts,eBay Motors|Parts & Accessories|Car & Truck Parts & Accessories|Brakes & Brake Parts|Additional ABS Parts
33561,"Brake Hoses, Lines & Fittings","eBay Motors|Parts & Accessories|Car & Truck Parts & Accessories|Brakes & Brake Parts|Brake Hoses, Lines & Fittings"
33563,Calipers & Brackets,eBay Motors|Parts & Accessories|Car & Truck Parts & Accessories|Brakes & Brake Parts|Calipers & Brackets
33564,Brake Disc Rotors,eBay Motors|Parts & Accessories|Car & Truck Parts & Accessories|Brakes & Brake Parts|Brake Disc Rotors
33565,Brake Drums,eBay Motors|Parts & Accessories|Car & Truck Parts & Accessories|Brakes & Brake Parts|Brake Drums
33566,Master Cylinders,eBay Motors|Parts & Accessories|Car & Truck Parts & Accessories|Brakes & Brake Parts|Master Cylinders
33568,Brake Cables,eBay Motors|Parts & Accessories|Car & Truck Parts & Accessories|Brakes & Brake Parts|Brake Cables
33570,Trailer Brake Controllers,eBay Motors|Parts & Accessories|Car & Truck Parts & Accessories|Towing Parts & Accessories|Trailer Brake Controllers
33571,Wheel Cylinders,eBay Motors|Parts & Accessories|Car & Truck Parts & Accessories|Brakes & Brake Parts|Wheel Cylinders
33575,Battery Accessories,"eBay Motors|Parts & Accessories|Car & Truck Parts & Accessories|Starters, Alternators, ECUs & Wiring|Battery Accessories"
33577,Voltage Regulators,"eBay Motors|Parts & Accessories|Car & Truck Parts & Accessories|Starters, Alternators, ECUs & Wiring|Voltage Regulators"
33578,"Other Starters, Alternators, ECUs & Wiring","eBay Motors|Parts & Accessories|Car & Truck Parts & Accessories|Starters, Alternators, ECUs & Wiring|Other Starters, Alternators, ECUs & Wiring"
33580,"Control Arms, Ball Joints & Assemblies","eBay Motors|Parts & Accessories|Car & Truck Parts & Accessories|Steering & Suspension|Control Arms, Ball Joints & Assemblies"
33581,Camber & Caster Parts,eBay Motors|Parts & Accessories|Car & Truck Parts & Accessories|Steering & Suspension|Camber & Caster Parts
33582,Leaf & Coil Springs,eBay Motors|Parts & Accessories|Car & Truck Parts & Accessories|Steering & Suspension|Leaf & Coil Springs
33587,Pitman & Idler Arms,eBay Motors|Parts & Accessories|Car & Truck Parts & Accessories|Steering & Suspension|Pitman & Idler Arms
33588,Power Steering Pumps,eBay Motors|Parts & Accessories|Car & Truck Parts & Accessories|Steering & Suspension|Power Steering Pumps
33589,"Gearboxes, Rack & Pinions","eBay Motors|Parts & Accessories|Car & Truck Parts & Accessories|Steering & Suspension|Gearboxes, Rack & Pinions"
33590,"Shocks, Struts & Assemblies","eBay Motors|Parts & Accessories|Car & Truck Parts & Accessories|Steering & Suspension|Shocks, Struts & Assemblies"
33592,"Sway Bars, Links & Bushings","eBay Motors|Parts & Accessories|Car & Truck Parts & Accessories|Steering & Suspension|Sway Bars, Links & Bushings"
33593,Tie Rods & Steering Linkages,eBay Motors|Parts & Accessories|Car & Truck Parts & Accessories|Steering & Suspension|Tie Rods & Steering Linkages
33596,ECUs & Computer Modules,"eBay Motors|Parts & Accessories|Car & Truck Parts & Accessories|Starters, Alternators, ECUs & Wiring|ECUs & Computer Modules"
33600,Fan & Shroud Assemblies,eBay Motors|Parts & Accessories|Car & Truck Parts & Accessories|Engine Cooling Components|Fan & Shroud Assemblies
33601,Coolant Hoses,eBay Motors|Parts & Accessories|Car & Truck Parts & Accessories|Engine Cooling Components|Coolant Hoses
33602,Radiators,eBay Motors|Parts & Accessories|Car & Truck Parts & Accessories|Engine Cooling Components|Radiators
33603,Thermostats & Housings,eBay Motors|Parts & Accessories|Car & Truck Parts & Accessories|Engine Cooling Components|Thermostats & Housings
33604,Water Pumps,eBay Motors|Parts & Accessories|Car & Truck Parts & Accessories|Engine Cooling Components|Water Pumps
33606,Air Bypass Valves,eBay Motors|Parts & Accessories|Car & Truck Parts & Accessories|Exhaust & Emission Systems|Air Bypass Valves
33607,EGR Parts & Valves,eBay Motors|Parts & Accessories|Car & Truck Parts & Accessories|Exhaust & Emission Systems|EGR Parts & Valves
33610,Secondary Air & Smog Pumps,eBay Motors|Parts & Accessories|Car & Truck Parts & Accessories|Exhaust & Emission Systems|Secondary Air & Smog Pumps
33613,Engine Blocks,eBay Motors|Parts & Accessories|Car & Truck Parts & Accessories|Engines & Engine Parts|Engine Blocks
33614,Camshafts,eBay Motors|Parts & Accessories|Car & Truck Parts & Accessories|Engines & Engine Parts|Valvetrain Components|Camshafts
33615,Engines,eBay Motors|Parts & Accessories|Car & Truck Parts & Accessories|Engines & Engine Parts|Engines
33616,Crankshafts,eBay Motors|Parts & Accessories|Car & Truck Parts & Accessories|Engines & Engine Parts|Crankshafts
33617,Cylinder Heads,eBay Motors|Parts & Accessories|Car & Truck Parts & Accessories|Engines & Engine Parts|Cylinder Heads
33619,Engine Bearings,eBay Motors|Parts & Accessories|Car & Truck Parts & Accessories|Engines & Engine Parts|Engine Bearings
33620,Engine Rebuild Kits,eBay Motors|Parts & Accessories|Car & Truck Parts & Accessories|Engines & Engine Parts|Engine Rebuild Kits
33621,Valves,eBay Motors|Parts & Accessories|Car & Truck Parts & Accessories|Engines & Engine Parts|Valvetrain Components|Valves
33622,"Oil Drain Plugs, Filler Caps & Dipsticks","eBay Motors|Parts & Accessories|Car & Truck Parts & Accessories|Engines & Engine Parts|Oil Drain Plugs, Filler Caps & Dipsticks"
33623,Pistons & Rings,eBay Motors|Parts & Accessories|Car & Truck Parts & Accessories|Engines & Engine Parts|Pistons & Rings
33624,Rocker Arms & Parts,eBay Motors|Parts & Accessories|Car & Truck Parts & Accessories|Engines & Engine Parts|Valvetrain Components|Rocker Arms & Parts
33626,Vacuum Pumps,eBay Motors|Parts & Accessories|Car & Truck Parts & Accessories|Air & Fuel Delivery|Vacuum Pumps
33627,Rocker & Valve Covers,eBay Motors|Parts & Accessories|Car & Truck Parts & Accessories|Engines & Engine Parts|Valvetrain Components|Rocker & Valve Covers
33629,Catalytic Converters,eBay Motors|Parts & Accessories|Car & Truck Parts & Accessories|Exhaust & Emission Systems|Catalytic Converters
33630,Exhaust System Kits,eBay Motors|Parts & Accessories|Car & Truck Parts & Accessories|Exhaust & Emission Systems|Exhaust System Kits
33632,Manifolds & Headers,eBay Motors|Parts & Accessories|Car & Truck Parts & Accessories|Exhaust & Emission Systems|Manifolds & Headers
33633,Exhaust Pipes & Tips,eBay Motors|Parts & Accessories|Car & Truck Parts & Accessories|Exhaust & Emission Systems|Exhaust Pipes & Tips
33634,"Clamps, Flanges, Hangers & Hardware","eBay Motors|Parts & Accessories|Car & Truck Parts & Accessories|Exhaust & Emission Systems|Clamps, Flanges, Hangers & Hardware"
33636,Mufflers & Resonators,eBay Motors|Parts & Accessories|Car & Truck Parts & Accessories|Exhaust & Emission Systems|Mufflers & Resonators
33638,Spoilers & Wings,eBay Motors|Parts & Accessories|Car & Truck Parts & Accessories|Exterior Parts & Accessories|Spoilers & Wings
33639,Antennas,eBay Motors|Parts & Accessories|Car & Truck Parts & Accessories|Exterior Parts & Accessories|Antennas
33640,Bumpers & Reinforcements,eBay Motors|Parts & Accessories|Car & Truck Parts & Accessories|Exterior Parts & Accessories|Bumpers & Components|Bumpers & Reinforcements
33643,Emblems & Ornaments,eBay Motors|Parts & Accessories|Car & Truck Parts & Accessories|Exterior Parts & Accessories|Emblems & Ornaments
33644,Fenders,eBay Motors|Parts & Accessories|Car & Truck Parts & Accessories|Exterior Parts & Accessories|Panels|Fenders
33645,Grilles,eBay Motors|Parts & Accessories|Car & Truck Parts & Accessories|Exterior Parts & Accessories|Grilles
33646,Hood Panels,eBay Motors|Parts & Accessories|Car & Truck Parts & Accessories|Exterior Parts & Accessories|Hoods|Hood Panels
33647,Liftgates,"eBay Motors|Parts & Accessories|Car & Truck Parts & Accessories|Exterior Parts & Accessories|Doors, Trunk Lids & Hatches|Liftgates"
33648,Exterior Locks & Lock Hardware,eBay Motors|Parts & Accessories|Car & Truck Parts & Accessories|Exterior Parts & Accessories|Exterior Locks & Lock Hardware
33650,Running Boards & Step Bars,eBay Motors|Parts & Accessories|Car & Truck Parts & Accessories|Exterior Parts & Accessories|Running Boards & Step Bars
33651,Roof Racks & Cross Bars,eBay Motors|Parts & Accessories|Car & Truck Parts & Accessories|Racks & Cargo Carriers|Roof Racks & Cross Bars
33653,Trailer Hitches,eBay Motors|Parts & Accessories|Car & Truck Parts & Accessories|Towing Parts & Accessories|Trailer Hitches
33654,Body Moldings & Trims,eBay Motors|Parts & Accessories|Car & Truck Parts & Accessories|Exterior Parts & Accessories|Body Moldings & Trims
33655,Truck Bed Accessories,eBay Motors|Parts & Accessories|Car & Truck Parts & Accessories|Exterior Parts & Accessories|Truck Beds & Parts|Truck Bed Accessories
33656,Hatches & Trunk Lids,"eBay Motors|Parts & Accessories|Car & Truck Parts & Accessories|Exterior Parts & Accessories|Doors, Trunk Lids & Hatches|Hatches & Trunk Lids"
33659,Air Filters,eBay Motors|Parts & Accessories|Car & Truck Parts & Accessories|Air & Fuel Delivery|Air Filters
33660,Fuel Filters,eBay Motors|Parts & Accessories|Car & Truck Parts & Accessories|Air & Fuel Delivery|Fuel Filters
33661,Oil Filters,eBay Motors|Parts & Accessories|Car & Truck Parts & Accessories|Engines & Engine Parts|Oil Filters
33662,Transmission Filters,eBay Motors|Parts & Accessories|Car & Truck Parts & Accessories|Transmission & Drivetrain|Transmission Filters
33665,Gaskets & Seals,"eBay Motors|Parts & Accessories|Car & Truck Parts & Accessories|Engines & Engine Parts|Gaskets, Seals & Hardware|Gaskets & Seals"
33666,Exhaust Gaskets,eBay Motors|Parts & Accessories|Car & Truck Parts & Accessories|Exhaust & Emission Systems|Exhaust Gaskets
33668,"Gaskets, Seals & O-Rings","eBay Motors|Parts & Accessories|Car & Truck Parts & Accessories|Air & Fuel Delivery|Gaskets, Seals & O-Rings"
33675,Instrument Clusters,eBay Motors|Parts & Accessories|Car & Truck Parts & Accessories|Interior Parts & Accessories|Gauges|Instrument Clusters
33684,Auto Glass,eBay Motors|Parts & Accessories|Car & Truck Parts & Accessories|Exterior Parts & Accessories|Glass & Window Parts|Auto Glass
33685,"Window Seals, Gaskets & Trims","eBay Motors|Parts & Accessories|Car & Truck Parts & Accessories|Exterior Parts & Accessories|Glass & Window Parts|Window Seals, Gaskets & Trims"
33690,Distributors,eBay Motors|Parts & Accessories|Car & Truck Parts & Accessories|Ignition Systems & Components|Distributors
33691,Ignition Kits,eBay Motors|Parts & Accessories|Car & Truck Parts & Accessories|Ignition Systems & Components|Ignition Kits
33692,Ignition Wires & Coil Boots,eBay Motors|Parts & Accessories|Car & Truck Parts & Accessories|Ignition Systems & Components|Ignition Wires & Coil Boots
33696,Door Panels,eBay Motors|Parts & Accessories|Car & Truck Parts & Accessories|Interior Parts & Accessories|Door Panels
33697,"Floor Mats, Carpets & Cargo Liners","eBay Motors|Parts & Accessories|Car & Truck Parts & Accessories|Interior Parts & Accessories|Floor Mats, Carpets & Cargo Liners"
33698,"Glove Boxes, Doors & Latches","eBay Motors|Parts & Accessories|Car & Truck Parts & Accessories|Interior Parts & Accessories|Dash Panels & Glove Boxes|Glove Boxes, Doors & Latches"
33699,Rear View Mirrors,eBay Motors|Parts & Accessories|Car & Truck Parts & Accessories|Interior Parts & Accessories|Rear View Mirrors
33700,"Pedal Assemblies, Pads & Parts","eBay Motors|Parts & Accessories|Car & Truck Parts & Accessories|Interior Parts & Accessories|Pedal Assemblies, Pads & Parts"
33701,Seats,"eBay Motors|Parts & Accessories|Car & Truck Parts & Accessories|Interior Parts & Accessories|Seats, Parts & Accessories|Seats"
33702,Seat Covers,"eBay Motors|Parts & Accessories|Car & Truck Parts & Accessories|Interior Parts & Accessories|Seats, Parts & Accessories|Seat Covers"
33704,Steering Wheels & Horn Buttons,eBay Motors|Parts & Accessories|Car & Truck Parts & Accessories|Interior Parts & Accessories|Steering Wheels & Horn Buttons
33705,Trim,eBay Motors|Parts & Accessories|Car & Truck Parts & Accessories|Interior Parts & Accessories|Trim
33706,Window Motors & Regulators,eBay Motors|Parts & Accessories|Car & Truck Parts & Accessories|Interior Parts & Accessories|Window Motors & Regulators
33708,Park & Combination Light Assemblies,eBay Motors|Parts & Accessories|Car & Truck Parts & Accessories|Lighting & Lamps|Park & Combination Light Assemblies
33709,Fog Light Assemblies,eBay Motors|Parts & Accessories|Car & Truck Parts & Accessories|Lighting & Lamps|Fog Light Assemblies
33710,Headlight Assemblies,eBay Motors|Parts & Accessories|Car & Truck Parts & Accessories|Lighting & Lamps|Headlight Assemblies
33712,Interior Light Assemblies,eBay Motors|Parts & Accessories|Car & Truck Parts & Accessories|Lighting & Lamps|Interior Light Assemblies
33715,Side Marker Light Assemblies,eBay Motors|Parts & Accessories|Car & Truck Parts & Accessories|Lighting & Lamps|Side Marker Light Assemblies
33716,Tail Light Assemblies,eBay Motors|Parts & Accessories|Car & Truck Parts & Accessories|Lighting & Lamps|Tail Light Assemblies
33717,Turn Signal Light Assemblies,eBay Motors|Parts & Accessories|Car & Truck Parts & Accessories|Lighting & Lamps|Turn Signal Light Assemblies
33725,Seat Belts & Parts,eBay Motors|Parts & Accessories|Car & Truck Parts & Accessories|Interior Parts & Accessories|Interior Safety|Seat Belts & Parts
33727,Automatic Transmission Parts,eBay Motors|Parts & Accessories|Car & Truck Parts & Accessories|Transmission & Drivetrain|Automatic Transmission Parts
33728,Axle Housings & Parts,eBay Motors|Parts & Accessories|Car & Truck Parts & Accessories|Transmission & Drivetrain|Axle Housings & Parts
33729,"CV Joints, Boots & Parts","eBay Motors|Parts & Accessories|Car & Truck Parts & Accessories|Transmission & Drivetrain|CV Joints, Boots & Parts"
33732,Flywheels & Flexplates,eBay Motors|Parts & Accessories|Car & Truck Parts & Accessories|Transmission & Drivetrain|Flywheels & Flexplates
33733,Manual Transmission Parts,eBay Motors|Parts & Accessories|Car & Truck Parts & Accessories|Transmission & Drivetrain|Manual Transmission Parts
33736,"Shifters, Cables & Linkages","eBay Motors|Parts & Accessories|Car & Truck Parts & Accessories|Transmission & Drivetrain|Shifters, Cables & Linkages"
33741,Superchargers & Parts,"eBay Motors|Parts & Accessories|Car & Truck Parts & Accessories|Air & Fuel Delivery|Turbos, Superchargers & Intercoolers|Superchargers & Parts"
33742,Turbos & Parts,"eBay Motors|Parts & Accessories|Car & Truck Parts & Accessories|Air & Fuel Delivery|Turbos, Superchargers & Intercoolers|Turbos & Parts"
33744,Wheel Hub Caps & Trim Rings,"eBay Motors|Parts & Accessories|Car & Truck Parts & Accessories|Wheels, Tires & Parts|Wheel Hub Caps, Center Caps & Trim Rings|Wheel Hub Caps & Trim Rings"
33746,Other Tire Accessories,"eBay Motors|Parts & Accessories|Car & Truck Parts & Accessories|Wheels, Tires & Parts|Wheel & Tire Accessories|Other Tire Accessories"
33747,Valve Stems & Caps,"eBay Motors|Parts & Accessories|Car & Truck Parts & Accessories|Wheels, Tires & Parts|Valve Stems & Caps"
33749,"Wheel Nuts, Bolts & Studs","eBay Motors|Parts & Accessories|Car & Truck Parts & Accessories|Wheels, Tires & Parts|Wheel Nuts, Bolts & Studs"
36474,Intake Manifolds,eBay Motors|Parts & Accessories|Car & Truck Parts & Accessories|Air & Fuel Delivery|Intake Manifolds
38657,Oil Pans,eBay Motors|Parts & Accessories|Car & Truck Parts & Accessories|Engines & Engine Parts|Oil Pans
38658,Air Dams,eBay Motors|Parts & Accessories|Car & Truck Parts & Accessories|Exterior Parts & Accessories|Bumpers & Components|Air Dams
38659,"Sun Visors, Wind & Bug Deflectors","eBay Motors|Parts & Accessories|Car & Truck Parts & Accessories|Exterior Parts & Accessories|Guards & Protection|Sun Visors, Wind & Bug Deflectors"
38728,Cruise Control Components,eBay Motors|Parts & Accessories|Car & Truck Parts & Accessories|Advanced Driver Assistance Systems|Cruise Control Components
38789,"Wiring, Harnesses & Connectors","eBay Motors|Parts & Accessories|Car & Truck Parts & Accessories|Towing Parts & Accessories|Wiring, Harnesses & Connectors"
38790,Other Towing Parts,eBay Motors|Parts & Accessories|Car & Truck Parts & Accessories|Towing Parts & Accessories|Other Towing Parts
42604,Other Air & Fuel Delivery,eBay Motors|Parts & Accessories|Car & Truck Parts & Accessories|Air & Fuel Delivery|Other Air & Fuel Delivery
42605,Other Brake Parts,eBay Motors|Parts & Accessories|Car & Truck Parts & Accessories|Brakes & Brake Parts|Other Brake Parts
42609,Other Steering & Suspension Parts,eBay Motors|Parts & Accessories|Car & Truck Parts & Accessories|Steering & Suspension|Other Steering & Suspension Parts
43946,Air Filter Housings,eBay Motors|Parts & Accessories|Car & Truck Parts & Accessories|Air & Fuel Delivery|Air Filter Housings
43951,Instrument & Gauge Parts,eBay Motors|Parts & Accessories|Car & Truck Parts & Accessories|Interior Parts & Accessories|Gauges|Instrument & Gauge Parts
43961,Wheel Center Caps,"eBay Motors|Parts & Accessories|Car & Truck Parts & Accessories|Wheels, Tires & Parts|Wheel Hub Caps, Center Caps & Trim Rings|Wheel Center Caps"
46094,Other Air Conditioning & Heating,eBay Motors|Parts & Accessories|Car & Truck Parts & Accessories|Air Conditioning & Heating|Other Air Conditioning & Heating
46095,Engine Oil Coolers & Lines,eBay Motors|Parts & Accessories|Car & Truck Parts & Accessories|Engine Cooling Components|Engine Oil Coolers & Lines
46096,Other Engine Cooling Components,eBay Motors|Parts & Accessories|Car & Truck Parts & Accessories|Engine Cooling Components|Other Engine Cooling Components
46097,Other Exhaust & Emission Parts,eBay Motors|Parts & Accessories|Car & Truck Parts & Accessories|Exhaust & Emission Systems|Other Exhaust & Emission Parts
46101,Other Ignition Systems & Components,eBay Motors|Parts & Accessories|Car & Truck Parts & Accessories|Ignition Systems & Components|Other Ignition Systems & Components
46102,Sun Visors,eBay Motors|Parts & Accessories|Car & Truck Parts & Accessories|Interior Parts & Accessories|Sun Visors
46103,Transmission Rebuild Kits,eBay Motors|Parts & Accessories|Car & Truck Parts & Accessories|Transmission & Drivetrain|Transmission Rebuild Kits
46104,Other Transmission & Drivetrain,eBay Motors|Parts & Accessories|Car & Truck Parts & Accessories|Transmission & Drivetrain|Other Transmission & Drivetrain
50445,Decals & Vinyls,eBay Motors|Parts & Accessories|Car & Truck Parts & Accessories|Exterior Parts & Accessories|Decals & Vinyls
50454,Engine Mounts,eBay Motors|Parts & Accessories|Car & Truck Parts & Accessories|Engines & Engine Parts|Engine Mounts
50455,Splash Guards & Mud Flaps,eBay Motors|Parts & Accessories|Car & Truck Parts & Accessories|Exterior Parts & Accessories|Guards & Protection|Splash Guards & Mud Flaps
50456,Car & Truck Covers,eBay Motors|Parts & Accessories|Car & Truck Parts & Accessories|Exterior Parts & Accessories|Car & Truck Covers
50457,Additional Guards & Protection,eBay Motors|Parts & Accessories|Car & Truck Parts & Accessories|Exterior Parts & Accessories|Guards & Protection|Additional Guards & Protection
50458,Seat Belt Shoulder Pads,"eBay Motors|Parts & Accessories|Car & Truck Parts & Accessories|Interior Parts & Accessories|Seats, Parts & Accessories|Seat Belt Shoulder Pads"
50459,Switches & Controls,eBay Motors|Parts & Accessories|Car & Truck Parts & Accessories|Interior Parts & Accessories|Switches & Controls
52638,License Plates & Frames,eBay Motors|Parts & Accessories|Car & Truck Parts & Accessories|Exterior Parts & Accessories|License Plates & Frames
57357,Brake Pads,eBay Motors|Parts & Accessories|Car & Truck Parts & Accessories|Brakes & Brake Parts|Brake Pads
61117,Cabin Air Filters,eBay Motors|Parts & Accessories|Car & Truck Parts & Accessories|Air Conditioning & Heating|Cabin Air Filters
61259,Throttle Cables & Linkages,eBay Motors|Parts & Accessories|Car & Truck Parts & Accessories|Air & Fuel Delivery|Throttle Cables & Linkages
61265,Clutch Cables,eBay Motors|Parts & Accessories|Car & Truck Parts & Accessories|Transmission & Drivetrain|Clutch Parts & Kits|Clutch Cables
61304,Other Engine Parts,eBay Motors|Parts & Accessories|Car & Truck Parts & Accessories|Engines & Engine Parts|Other Engine Parts
61338,Tappets & Lifters,eBay Motors|Parts & Accessories|Car & Truck Parts & Accessories|Engines & Engine Parts|Valvetrain Components|Tappets & Lifters
61523,Parking Sensors,eBay Motors|Parts & Accessories|Car & Truck Parts & Accessories|Advanced Driver Assistance Systems|Parking Assistance|Parking Sensors
61739,Brake Shoes,eBay Motors|Parts & Accessories|Car & Truck Parts & Accessories|Brakes & Brake Parts|Brake Shoes
61864,A/C Condensers,eBay Motors|Parts & Accessories|Car & Truck Parts & Accessories|Air Conditioning & Heating|A/C Condensers
61941,"Wiper Linkages, Transmissions & Motors","eBay Motors|Parts & Accessories|Car & Truck Parts & Accessories|Exterior Parts & Accessories|Wipers & Washers|Wiper Linkages, Transmissions & Motors"
61960,Tow Ropes & Chains,eBay Motors|Parts & Accessories|Car & Truck Parts & Accessories|Towing Parts & Accessories|Towing Accessories|Tow Ropes & Chains
63276,Oxygen Sensors,eBay Motors|Parts & Accessories|Car & Truck Parts & Accessories|Exhaust & Emission Systems|Oxygen Sensors
63688,Snow Plows & Parts,eBay Motors|Parts & Accessories|Car & Truck Parts & Accessories|Exterior Parts & Accessories|Snow Plows & Parts
63689,Window Tinting,eBay Motors|Parts & Accessories|Car & Truck Parts & Accessories|Exterior Parts & Accessories|Glass & Window Parts|Window Tinting
63690,"Cargo Nets, Pet Barriers & Storage Bins","eBay Motors|Parts & Accessories|Car & Truck Parts & Accessories|Interior Parts & Accessories|Storage & Organizers|Cargo Nets, Pet Barriers & Storage Bins"
63691,Cup Holders,eBay Motors|Parts & Accessories|Car & Truck Parts & Accessories|Interior Parts & Accessories|Storage & Organizers|Cup Holders
63692,Torque Converters,eBay Motors|Parts & Accessories|Car & Truck Parts & Accessories|Transmission & Drivetrain|Torque Converters
79067,Ski & Snowboard Racks,eBay Motors|Parts & Accessories|Car & Truck Parts & Accessories|Racks & Cargo Carriers|Ski & Snowboard Racks
121984,"Cargo Boxes, Bags & Baskets","eBay Motors|Parts & Accessories|Car & Truck Parts & Accessories|Racks & Cargo Carriers|Cargo Boxes, Bags & Baskets"
121985,Warning Lights,eBay Motors|Parts & Accessories|Car & Truck Parts & Accessories|Lighting & Lamps|Accessory Lighting|Warning Lights
122154,"Wheel Spacers, Adapters & Hub Centric Rings","eBay Motors|Parts & Accessories|Car & Truck Parts & Accessories|Wheels, Tires & Parts|Wheel Spacers, Adapters & Hub Centric Rings"
170141,"Wheel Bearings, Hubs & Seals","eBay Motors|Parts & Accessories|Car & Truck Parts & Accessories|Steering & Suspension|Wheel Bearings, Hubs & Seals"
171115,Automatic Transmission,eBay Motors|Parts & Accessories|Car & Truck Parts & Accessories|Transmission & Drivetrain|Automatic Transmission
171117,Manual Transmission,eBay Motors|Parts & Accessories|Car & Truck Parts & Accessories|Transmission & Drivetrain|Manual Transmission
172517,Light Bulbs & LEDs,eBay Motors|Parts & Accessories|Car & Truck Parts & Accessories|Lighting & Lamps|Light Bulbs & LEDs
173511,Brake Component Kits,eBay Motors|Parts & Accessories|Car & Truck Parts & Accessories|Brakes & Brake Parts|Brake Component Kits
173830,Bike Racks,eBay Motors|Parts & Accessories|Car & Truck Parts & Accessories|Racks & Cargo Carriers|Bike Racks
173831,Straps & Tie-Downs,eBay Motors|Parts & Accessories|Car & Truck Parts & Accessories|Racks & Cargo Carriers|Straps & Tie-Downs
173832,Towing Mirrors,eBay Motors|Parts & Accessories|Car & Truck Parts & Accessories|Towing Parts & Accessories|Towing Mirrors
173863,HVAC Temperature Sensors,eBay Motors|Parts & Accessories|Car & Truck Parts & Accessories|Air Conditioning & Heating|HVAC Temperature Sensors
173950,"Hoses, Lines & Pipes","eBay Motors|Parts & Accessories|Car & Truck Parts & Accessories|Air & Fuel Delivery|Hoses, Lines & Pipes"
174020,Brake Pad Wear Sensors,eBay Motors|Parts & Accessories|Car & Truck Parts & Accessories|Brakes & Brake Parts|Brake Pad Wear Sensors
174021,Brake Boosters,eBay Motors|Parts & Accessories|Car & Truck Parts & Accessories|Brakes & Brake Parts|Brake Boosters
174028,Particulate Filters,eBay Motors|Parts & Accessories|Car & Truck Parts & Accessories|Exhaust & Emission Systems|Particulate Filters
174030,Expansion & Overflow Tanks,eBay Motors|Parts & Accessories|Car & Truck Parts & Accessories|Engine Cooling Components|Expansion & Overflow Tanks
174044,"Heat Shields, Wraps & Sleeves","eBay Motors|Parts & Accessories|Car & Truck Parts & Accessories|Exhaust & Emission Systems|Heat Shields, Wraps & Sleeves"
174062,Reflectors,eBay Motors|Parts & Accessories|Car & Truck Parts & Accessories|Lighting & Lamps|Reflectors
174065,Other Lighting & Lamps,eBay Motors|Parts & Accessories|Car & Truck Parts & Accessories|Lighting & Lamps|Other Lighting & Lamps
174070,Glow Plugs,eBay Motors|Parts & Accessories|Car & Truck Parts & Accessories|Ignition Systems & Components|Glow Plugs
174072,Spark Plugs,eBay Motors|Parts & Accessories|Car & Truck Parts & Accessories|Ignition Systems & Components|Spark Plugs
174077,Shift Knobs,eBay Motors|Parts & Accessories|Car & Truck Parts & Accessories|Interior Parts & Accessories|Shift Knobs
174078,Parking Brake Levers,eBay Motors|Parts & Accessories|Car & Truck Parts & Accessories|Interior Parts & Accessories|Parking Brake Levers
174079,Handbrake & Shift Boots,eBay Motors|Parts & Accessories|Car & Truck Parts & Accessories|Interior Parts & Accessories|Handbrake & Shift Boots
174080,Headliners & Parts,eBay Motors|Parts & Accessories|Car & Truck Parts & Accessories|Interior Parts & Accessories|Headliners & Parts
174084,Cargo Covers,eBay Motors|Parts & Accessories|Car & Truck Parts & Accessories|Interior Parts & Accessories|Cargo Covers
174087,Service Kits,eBay Motors|Parts & Accessories|Car & Truck Parts & Accessories|Engines & Engine Parts|Service Kits
174090,Suspension Component Replacement Kits,eBay Motors|Parts & Accessories|Car & Truck Parts & Accessories|Steering & Suspension|Suspension Component Replacement Kits
174091,Self-Leveling Suspension Parts,eBay Motors|Parts & Accessories|Car & Truck Parts & Accessories|Steering & Suspension|Self-Leveling Suspension Parts
174093,Steering Columns,eBay Motors|Parts & Accessories|Car & Truck Parts & Accessories|Steering & Suspension|Steering Columns
174106,Transmission Sensors,eBay Motors|Parts & Accessories|Car & Truck Parts & Accessories|Transmission & Drivetrain|Transmission Sensors
174112,"Washer Pumps, Reservoirs & Nozzles","eBay Motors|Parts & Accessories|Car & Truck Parts & Accessories|Exterior Parts & Accessories|Wipers & Washers|Washer Pumps, Reservoirs & Nozzles"
174113,Wiper Arms,eBay Motors|Parts & Accessories|Car & Truck Parts & Accessories|Exterior Parts & Accessories|Wipers & Washers|Wiper Arms
174593,Parking Cameras,eBay Motors|Parts & Accessories|Car & Truck Parts & Accessories|Advanced Driver Assistance Systems|Parking Assistance|Parking Cameras
177697,Alternators & Generators,"eBay Motors|Parts & Accessories|Car & Truck Parts & Accessories|Starters, Alternators, ECUs & Wiring|Alternators & Generators"
177698,Alternator & Generator Parts,"eBay Motors|Parts & Accessories|Car & Truck Parts & Accessories|Starters, Alternators, ECUs & Wiring|Alternator & Generator Parts"
177699,Starter Motors,"eBay Motors|Parts & Accessories|Car & Truck Parts & Accessories|Starters, Alternators, ECUs & Wiring|Starter Motors"
177700,Starter Motor Parts,"eBay Motors|Parts & Accessories|Car & Truck Parts & Accessories|Starters, Alternators, ECUs & Wiring|Starter Motor Parts"
177702,Other Charging Components,"eBay Motors|Parts & Accessories|Car & Truck Parts & Accessories|Electric, Hybrid & PHEV Specific Parts|Charging Components|Other Charging Components"
177703,Batteries,"eBay Motors|Parts & Accessories|Car & Truck Parts & Accessories|Electric, Hybrid & PHEV Specific Parts|Batteries, BMS & Fuel Cells|Batteries"
177705,Control Modules,"eBay Motors|Parts & Accessories|Car & Truck Parts & Accessories|Electric, Hybrid & PHEV Specific Parts|Control Modules"
177706,Converters & Inverters,"eBay Motors|Parts & Accessories|Car & Truck Parts & Accessories|Electric, Hybrid & PHEV Specific Parts|Converters & Inverters"
177707,Conversion Kits,"eBay Motors|Parts & Accessories|Car & Truck Parts & Accessories|Electric, Hybrid & PHEV Specific Parts|Conversion Kits"
177708,Drivetrain Motors,"eBay Motors|Parts & Accessories|Car & Truck Parts & Accessories|Electric, Hybrid & PHEV Specific Parts|Drivetrain Motors & Parts|Drivetrain Motors"
177709,"Other Electric, Hybrid & PHEV Specific Parts","eBay Motors|Parts & Accessories|Car & Truck Parts & Accessories|Electric, Hybrid & PHEV Specific Parts|Other Electric, Hybrid & PHEV Specific Parts"
177710,Airbags,eBay Motors|Parts & Accessories|Car & Truck Parts & Accessories|Interior Parts & Accessories|Interior Safety|Airbags
177711,Airbag Parts,eBay Motors|Parts & Accessories|Car & Truck Parts & Accessories|Interior Parts & Accessories|Interior Safety|Airbag Parts
179679,Wheels,"eBay Motors|Parts & Accessories|Car & Truck Parts & Accessories|Wheels, Tires & Parts|Wheels"
179680,Tires,"eBay Motors|Parts & Accessories|Car & Truck Parts & Accessories|Wheels, Tires & Parts|Tires"
179681,Wheel & Tire Packages,"eBay Motors|Parts & Accessories|Car & Truck Parts & Accessories|Wheels, Tires & Parts|Wheel & Tire Packages"
179684,Other Wheel & Tire Parts,"eBay Motors|Parts & Accessories|Car & Truck Parts & Accessories|Wheels, Tires & Parts|Other Wheel & Tire Parts"
179696,Tire Pressure Monitoring Sensor,"eBay Motors|Parts & Accessories|Car & Truck Parts & Accessories|Wheels, Tires & Parts|Tire Pressure Monitoring Sensor"
179846,Batteries,"eBay Motors|Parts & Accessories|Car & Truck Parts & Accessories|Starters, Alternators, ECUs & Wiring|Batteries"
179847,"Wiring Harnesses, Cables & Connectors","eBay Motors|Parts & Accessories|Car & Truck Parts & Accessories|Starters, Alternators, ECUs & Wiring|Wiring Harnesses, Cables & Connectors"
179848,"Window Cranks, Grab Handles & Door Pulls","eBay Motors|Parts & Accessories|Car & Truck Parts & Accessories|Interior Parts & Accessories|Window Cranks, Grab Handles & Door Pulls"
179850,Doors & Door Skins,"eBay Motors|Parts & Accessories|Car & Truck Parts & Accessories|Exterior Parts & Accessories|Doors, Trunk Lids & Hatches|Doors & Door Skins"
179851,Door Handles,"eBay Motors|Parts & Accessories|Car & Truck Parts & Accessories|Exterior Parts & Accessories|Doors, Trunk Lids & Hatches|Door Handles"
179852,Wiper Blades & Refills,eBay Motors|Parts & Accessories|Car & Truck Parts & Accessories|Exterior Parts & Accessories|Wipers & Washers|Wiper Blades & Refills
180090,"Tire Chains, Anti-Skid & Socks","eBay Motors|Parts & Accessories|Car & Truck Parts & Accessories|Wheels, Tires & Parts|Wheel & Tire Accessories|Tire Chains, Anti-Skid & Socks"
180117,Garbage Cans,eBay Motors|Parts & Accessories|Car & Truck Parts & Accessories|Interior Parts & Accessories|Storage & Organizers|Garbage Cans
180120,Steering Wheel Covers,eBay Motors|Parts & Accessories|Car & Truck Parts & Accessories|Interior Parts & Accessories|Steering Wheel Covers
180123,Rim Protectors,"eBay Motors|Parts & Accessories|Car & Truck Parts & Accessories|Wheels, Tires & Parts|Wheel Hub Caps, Center Caps & Trim Rings|Rim Protectors"
180144,Tow Bars & Poles,eBay Motors|Parts & Accessories|Car & Truck Parts & Accessories|Towing Parts & Accessories|Tow Bars & Poles
180145,Tow Balls & Ball Mounts,eBay Motors|Parts & Accessories|Car & Truck Parts & Accessories|Towing Parts & Accessories|Tow Balls & Ball Mounts
184616,"Camera, Monitor & Sensor Kits","eBay Motors|Parts & Accessories|Car & Truck Parts & Accessories|Advanced Driver Assistance Systems|Parking Assistance|Camera, Monitor & Sensor Kits"
184629,Hitch Pins & Locks,eBay Motors|Parts & Accessories|Car & Truck Parts & Accessories|Towing Parts & Accessories|Towing Accessories|Hitch Pins & Locks
184669,Light Bars,eBay Motors|Parts & Accessories|Car & Truck Parts & Accessories|Lighting & Lamps|Accessory Lighting|Light Bars
258038,Other Parking Assistance,eBay Motors|Parts & Accessories|Car & Truck Parts & Accessories|Advanced Driver Assistance Systems|Parking Assistance|Other Parking Assistance
261897,Solenoids,eBay Motors|Parts & Accessories|Car & Truck Parts & Accessories|Exhaust & Emission Systems|Solenoids
261898,Emission Gaskets,eBay Motors|Parts & Accessories|Car & Truck Parts & Accessories|Exhaust & Emission Systems|Emission Gaskets
261899,Fuel Vapor Canisters,eBay Motors|Parts & Accessories|Car & Truck Parts & Accessories|Exhaust & Emission Systems|Fuel Vapor Canisters
262060,Belts,eBay Motors|Parts & Accessories|Car & Truck Parts & Accessories|Accessory Belts|Belts
262061,Idlers & Tensioners,eBay Motors|Parts & Accessories|Car & Truck Parts & Accessories|Accessory Belts|Idlers & Tensioners
262062,Pulleys,eBay Motors|Parts & Accessories|Car & Truck Parts & Accessories|Accessory Belts|Pulleys
262063,Other Belt Parts,eBay Motors|Parts & Accessories|Car & Truck Parts & Accessories|Accessory Belts|Other Belt Parts
262065,Alert & Warning Devices,eBay Motors|Parts & Accessories|Car & Truck Parts & Accessories|Advanced Driver Assistance Systems|Alert & Warning Devices
262066,ADAS Control Modules,eBay Motors|Parts & Accessories|Car & Truck Parts & Accessories|Advanced Driver Assistance Systems|ADAS Control Modules
262067,Lidar & Radar Sensors,eBay Motors|Parts & Accessories|Car & Truck Parts & Accessories|Advanced Driver Assistance Systems|Lidar & Radar Sensors
262068,Visible Cameras,eBay Motors|Parts & Accessories|Car & Truck Parts & Accessories|Advanced Driver Assistance Systems|Visible Cameras
262069,Other Advanced Driver Assistance Systems,eBay Motors|Parts & Accessories|Car & Truck Parts & Accessories|Advanced Driver Assistance Systems|Other Advanced Driver Assistance Systems
262071,High Pressure Fuel Pump,eBay Motors|Parts & Accessories|Car & Truck Parts & Accessories|Air & Fuel Delivery|Fuel Injection Parts|High Pressure Fuel Pump
262072,Fuel Tank Caps,eBay Motors|Parts & Accessories|Car & Truck Parts & Accessories|Air & Fuel Delivery|Fuel Tank Caps
262073,Intercoolers,"eBay Motors|Parts & Accessories|Car & Truck Parts & Accessories|Air & Fuel Delivery|Turbos, Superchargers & Intercoolers|Intercoolers"
262074,A/C Expansion Valves,eBay Motors|Parts & Accessories|Car & Truck Parts & Accessories|Air Conditioning & Heating|A/C Expansion Valves
262075,A/C Pressure Switches,eBay Motors|Parts & Accessories|Car & Truck Parts & Accessories|Air Conditioning & Heating|A/C Pressure Switches
262076,A/C Receiver Dryers & Accumulators,eBay Motors|Parts & Accessories|Car & Truck Parts & Accessories|Air Conditioning & Heating|A/C Receiver Dryers & Accumulators
262078,HVAC Blower Modules & Resistors,eBay Motors|Parts & Accessories|Car & Truck Parts & Accessories|Air Conditioning & Heating|Blowers & Fans|HVAC Blower Modules & Resistors
262079,Additional Blower & Fan Parts,eBay Motors|Parts & Accessories|Car & Truck Parts & Accessories|Air Conditioning & Heating|Blowers & Fans|Additional Blower & Fan Parts
262080,Heater Control Valves,eBay Motors|Parts & Accessories|Car & Truck Parts & Accessories|Air Conditioning & Heating|Heater Control Valves
262081,Heater Cores,eBay Motors|Parts & Accessories|Car & Truck Parts & Accessories|Air Conditioning & Heating|Heater Cores
262082,HVAC Control Unit Parts,eBay Motors|Parts & Accessories|Car & Truck Parts & Accessories|Air Conditioning & Heating|HVAC Control Unit Parts
262083,HVAC Vent Actuators,eBay Motors|Parts & Accessories|Car & Truck Parts & Accessories|Air Conditioning & Heating|HVAC Vent Actuators
262084,ABS & Stability Hydraulic Units,eBay Motors|Parts & Accessories|Car & Truck Parts & Accessories|Brakes & Brake Parts|ABS & Stability Hydraulic Units
262085,ABS Control Modules,eBay Motors|Parts & Accessories|Car & Truck Parts & Accessories|Brakes & Brake Parts|ABS Control Modules
262086,ABS Speed Sensors,eBay Motors|Parts & Accessories|Car & Truck Parts & Accessories|Brakes & Brake Parts|ABS Speed Sensors
262087,Brake Pad & Shoe Hardware,eBay Motors|Parts & Accessories|Car & Truck Parts & Accessories|Brakes & Brake Parts|Brake Pad & Shoe Hardware
262088,Additional Brake Sensors & Switches,eBay Motors|Parts & Accessories|Car & Truck Parts & Accessories|Brakes & Brake Parts|Additional Brake Sensors & Switches
262089,Brake Relays,eBay Motors|Parts & Accessories|Car & Truck Parts & Accessories|Brakes & Brake Parts|Brake Relays
262090,Rebuild Kits & Parts,eBay Motors|Parts & Accessories|Car & Truck Parts & Accessories|Brakes & Brake Parts|Rebuild Kits & Parts
262091,Reservoirs & Caps,eBay Motors|Parts & Accessories|Car & Truck Parts & Accessories|Brakes & Brake Parts|Reservoirs & Caps
262092,"Wires, Cables & Connectors","eBay Motors|Parts & Accessories|Car & Truck Parts & Accessories|Brakes & Brake Parts|Wires, Cables & Connectors"
262093,Air Conditioner Compressors,"eBay Motors|Parts & Accessories|Car & Truck Parts & Accessories|Electric, Hybrid & PHEV Specific Parts|Air Conditioner Compressors"
262095,Battery Management Systems (BMS),"eBay Motors|Parts & Accessories|Car & Truck Parts & Accessories|Electric, Hybrid & PHEV Specific Parts|Batteries, BMS & Fuel Cells|Battery Management Systems (BMS)"
262096,Battery & BMS Units,"eBay Motors|Parts & Accessories|Car & Truck Parts & Accessories|Electric, Hybrid & PHEV Specific Parts|Batteries, BMS & Fuel Cells|Battery & BMS Units"
262097,Fuel Cells & Parts,"eBay Motors|Parts & Accessories|Car & Truck Parts & Accessories|Electric, Hybrid & PHEV Specific Parts|Batteries, BMS & Fuel Cells|Fuel Cells & Parts"
262099,Charging Stations,"eBay Motors|Parts & Accessories|Car & Truck Parts & Accessories|Electric, Hybrid & PHEV Specific Parts|Charging Units|Charging Stations"
262100,Mobile Charging,"eBay Motors|Parts & Accessories|Car & Truck Parts & Accessories|Electric, Hybrid & PHEV Specific Parts|Charging Units|Mobile Charging"
262102,Charging Cables,"eBay Motors|Parts & Accessories|Car & Truck Parts & Accessories|Electric, Hybrid & PHEV Specific Parts|Charging Components|Charging Cables"
262103,Charger Carry Cases,"eBay Motors|Parts & Accessories|Car & Truck Parts & Accessories|Electric, Hybrid & PHEV Specific Parts|Charging Components|Charger Carry Cases"
262104,Charging Converters,"eBay Motors|Parts & Accessories|Car & Truck Parts & Accessories|Electric, Hybrid & PHEV Specific Parts|Charging Components|Charging Converters"
262105,Charger Holders,"eBay Motors|Parts & Accessories|Car & Truck Parts & Accessories|Electric, Hybrid & PHEV Specific Parts|Charging Components|Charger Holders"
262106,Charging Upgrade Kits,"eBay Motors|Parts & Accessories|Car & Truck Parts & Accessories|Electric, Hybrid & PHEV Specific Parts|Charging Components|Charging Upgrade Kits"
262108,Heatsinks,"eBay Motors|Parts & Accessories|Car & Truck Parts & Accessories|Electric, Hybrid & PHEV Specific Parts|Cooling Components|Heatsinks"
262109,Fans,"eBay Motors|Parts & Accessories|Car & Truck Parts & Accessories|Electric, Hybrid & PHEV Specific Parts|Cooling Components|Fans"
262110,Cooling Plates,"eBay Motors|Parts & Accessories|Car & Truck Parts & Accessories|Electric, Hybrid & PHEV Specific Parts|Cooling Components|Cooling Plates"
262112,Drivetrain Motor Parts,"eBay Motors|Parts & Accessories|Car & Truck Parts & Accessories|Electric, Hybrid & PHEV Specific Parts|Drivetrain Motors & Parts|Drivetrain Motor Parts"
262113,High Voltage Circuit Fuses & Breakers,"eBay Motors|Parts & Accessories|Car & Truck Parts & Accessories|Electric, Hybrid & PHEV Specific Parts|High Voltage Circuit Fuses & Breakers"
262114,Relays & Contactors,"eBay Motors|Parts & Accessories|Car & Truck Parts & Accessories|Electric, Hybrid & PHEV Specific Parts|Relays & Contactors"
262115,Switches,"eBay Motors|Parts & Accessories|Car & Truck Parts & Accessories|Electric, Hybrid & PHEV Specific Parts|Switches"
262116,"Wiring Harnesses, Cables & Connectors","eBay Motors|Parts & Accessories|Car & Truck Parts & Accessories|Electric, Hybrid & PHEV Specific Parts|Wiring Harnesses, Cables & Connectors"
262117,Caps,eBay Motors|Parts & Accessories|Car & Truck Parts & Accessories|Engine Cooling Components|Caps
262118,Clamps & Hardware,eBay Motors|Parts & Accessories|Car & Truck Parts & Accessories|Engine Cooling Components|Clamps & Hardware
262119,Fan Blades,eBay Motors|Parts & Accessories|Car & Truck Parts & Accessories|Engine Cooling Components|Fan Blades
262120,Fan Clutches,eBay Motors|Parts & Accessories|Car & Truck Parts & Accessories|Engine Cooling Components|Fan Clutches
262121,Fan Motors,eBay Motors|Parts & Accessories|Car & Truck Parts & Accessories|Engine Cooling Components|Fan Motors
262122,"Gaskets, Seals & O-Rings","eBay Motors|Parts & Accessories|Car & Truck Parts & Accessories|Engine Cooling Components|Gaskets, Seals & O-Rings"
262123,Temperature Sensors,eBay Motors|Parts & Accessories|Car & Truck Parts & Accessories|Engine Cooling Components|Temperature Sensors
262124,Connecting Rods & Parts,eBay Motors|Parts & Accessories|Car & Truck Parts & Accessories|Engines & Engine Parts|Connecting Rods & Parts
262125,Engine Sensors & Switches,eBay Motors|Parts & Accessories|Car & Truck Parts & Accessories|Engines & Engine Parts|Engine Sensors & Switches
262127,Brackets & Hardware,"eBay Motors|Parts & Accessories|Car & Truck Parts & Accessories|Engines & Engine Parts|Gaskets, Seals & Hardware|Brackets & Hardware"
262128,Gasket Kits,"eBay Motors|Parts & Accessories|Car & Truck Parts & Accessories|Engines & Engine Parts|Gaskets, Seals & Hardware|Gasket Kits"
262129,Hardware Kits,"eBay Motors|Parts & Accessories|Car & Truck Parts & Accessories|Engines & Engine Parts|Gaskets, Seals & Hardware|Hardware Kits"
262131,Guide Rails,eBay Motors|Parts & Accessories|Car & Truck Parts & Accessories|Engines & Engine Parts|Timing Components & Kits|Guide Rails
262132,Sprockets,eBay Motors|Parts & Accessories|Car & Truck Parts & Accessories|Engines & Engine Parts|Timing Components & Kits|Sprockets
262133,Tensioners & Pulleys,eBay Motors|Parts & Accessories|Car & Truck Parts & Accessories|Engines & Engine Parts|Timing Components & Kits|Tensioners & Pulleys
262134,Timing Belts,eBay Motors|Parts & Accessories|Car & Truck Parts & Accessories|Engines & Engine Parts|Timing Components & Kits|Timing Belts
262135,Timing Chains,eBay Motors|Parts & Accessories|Car & Truck Parts & Accessories|Engines & Engine Parts|Timing Components & Kits|Timing Chains
262136,Timing Covers,eBay Motors|Parts & Accessories|Car & Truck Parts & Accessories|Engines & Engine Parts|Timing Components & Kits|Timing Covers
262137,Timing Kits,eBay Motors|Parts & Accessories|Car & Truck Parts & Accessories|Engines & Engine Parts|Timing Components & Kits|Timing Kits
262139,Push Rods,eBay Motors|Parts & Accessories|Car & Truck Parts & Accessories|Engines & Engine Parts|Valvetrain Components|Push Rods
262140,"Valve Guides, Springs & Parts","eBay Motors|Parts & Accessories|Car & Truck Parts & Accessories|Engines & Engine Parts|Valvetrain Components|Valve Guides, Springs & Parts"
262141,Variable Valve Timing Parts,eBay Motors|Parts & Accessories|Car & Truck Parts & Accessories|Engines & Engine Parts|Valvetrain Components|Variable Valve Timing Parts
262142,Diesel Exhaust Fluid System Parts,eBay Motors|Parts & Accessories|Car & Truck Parts & Accessories|Exhaust & Emission Systems|Diesel Exhaust Fluid System Parts
262143,Emissions Hardware & Components,eBay Motors|Parts & Accessories|Car & Truck Parts & Accessories|Exhaust & Emission Systems|Emissions Hardware & Components
262144,Switches,eBay Motors|Parts & Accessories|Car & Truck Parts & Accessories|Exhaust & Emission Systems|Switches
262146,Bumper Inserts & Covers,eBay Motors|Parts & Accessories|Car & Truck Parts & Accessories|Exterior Parts & Accessories|Bumpers & Components|Bumper Inserts & Covers
262148,Door Seals,"eBay Motors|Parts & Accessories|Car & Truck Parts & Accessories|Exterior Parts & Accessories|Doors, Trunk Lids & Hatches|Door Seals"
262149,Cargo & Sliding Doors,"eBay Motors|Parts & Accessories|Car & Truck Parts & Accessories|Exterior Parts & Accessories|Doors, Trunk Lids & Hatches|Cargo & Sliding Doors"
262150,"Lift Supports, Latches, Hinges & Additional Parts","eBay Motors|Parts & Accessories|Car & Truck Parts & Accessories|Exterior Parts & Accessories|Doors, Trunk Lids & Hatches|Lift Supports, Latches, Hinges & Additional Parts"
262152,Frame Rails & Subframes,eBay Motors|Parts & Accessories|Car & Truck Parts & Accessories|Exterior Parts & Accessories|Frame Rails & Subframes
262154,Grille Guards & Light Protectors,eBay Motors|Parts & Accessories|Car & Truck Parts & Accessories|Exterior Parts & Accessories|Guards & Protection|Grille Guards & Light Protectors
262156,"Hinges, Latches & Additional Hood Components","eBay Motors|Parts & Accessories|Car & Truck Parts & Accessories|Exterior Parts & Accessories|Hoods|Hinges, Latches & Additional Hood Components"
262157,Hood Scoops & Vents,eBay Motors|Parts & Accessories|Car & Truck Parts & Accessories|Exterior Parts & Accessories|Hoods|Hood Scoops & Vents
262158,Lift Supports & Prop Rods,eBay Motors|Parts & Accessories|Car & Truck Parts & Accessories|Exterior Parts & Accessories|Hoods|Lift Supports & Prop Rods
262159,Horns,eBay Motors|Parts & Accessories|Car & Truck Parts & Accessories|Exterior Parts & Accessories|Horns
262161,Mirror Assemblies,eBay Motors|Parts & Accessories|Car & Truck Parts & Accessories|Exterior Parts & Accessories|Side View Mirrors|Mirror Assemblies
262162,Mirror Components,eBay Motors|Parts & Accessories|Car & Truck Parts & Accessories|Exterior Parts & Accessories|Side View Mirrors|Mirror Components
262163,Mirror Glass,eBay Motors|Parts & Accessories|Car & Truck Parts & Accessories|Exterior Parts & Accessories|Side View Mirrors|Mirror Glass
262164,"Mounts, Brackets & Hardware","eBay Motors|Parts & Accessories|Car & Truck Parts & Accessories|Exterior Parts & Accessories|Mounts, Brackets & Hardware"
262166,Body Side & Quarter Panels,eBay Motors|Parts & Accessories|Car & Truck Parts & Accessories|Exterior Parts & Accessories|Panels|Body Side & Quarter Panels
262167,Fuel Doors & Components,eBay Motors|Parts & Accessories|Car & Truck Parts & Accessories|Exterior Parts & Accessories|Panels|Fuel Doors & Components
262168,Additional Panels,eBay Motors|Parts & Accessories|Car & Truck Parts & Accessories|Exterior Parts & Accessories|Panels|Additional Panels
262170,Convertible Tops & Parts,"eBay Motors|Parts & Accessories|Car & Truck Parts & Accessories|Exterior Parts & Accessories|Roofs, Tops & Sunroofs|Convertible Tops & Parts"
262171,"Hardtops, Roof Panels & Parts","eBay Motors|Parts & Accessories|Car & Truck Parts & Accessories|Exterior Parts & Accessories|Roofs, Tops & Sunroofs|Hardtops, Roof Panels & Parts"
262172,Sunroofs & Parts,"eBay Motors|Parts & Accessories|Car & Truck Parts & Accessories|Exterior Parts & Accessories|Roofs, Tops & Sunroofs|Sunroofs & Parts"
262173,Additional Parts,"eBay Motors|Parts & Accessories|Car & Truck Parts & Accessories|Exterior Parts & Accessories|Roofs, Tops & Sunroofs|Additional Parts"
262174,Spare Tire Carriers & Covers,eBay Motors|Parts & Accessories|Car & Truck Parts & Accessories|Exterior Parts & Accessories|Spare Tire Carriers & Covers
262176,"Hinges, Latches & Additional Components","eBay Motors|Parts & Accessories|Car & Truck Parts & Accessories|Exterior Parts & Accessories|Truck Beds & Parts|Hinges, Latches & Additional Components"
262177,Truck Beds & Repair Sections,eBay Motors|Parts & Accessories|Car & Truck Parts & Accessories|Exterior Parts & Accessories|Truck Beds & Parts|Truck Beds & Repair Sections
262178,Tailgates,eBay Motors|Parts & Accessories|Car & Truck Parts & Accessories|Exterior Parts & Accessories|Truck Beds & Parts|Tailgates
262179,Additional Wiper & Washer Components,eBay Motors|Parts & Accessories|Car & Truck Parts & Accessories|Exterior Parts & Accessories|Wipers & Washers|Additional Wiper & Washer Components
262180,Distributor Caps,eBay Motors|Parts & Accessories|Car & Truck Parts & Accessories|Ignition Systems & Components|Distributor Caps
262181,Distributor Rotors,eBay Motors|Parts & Accessories|Car & Truck Parts & Accessories|Ignition Systems & Components|Distributor Rotors
262182,Additional Distributor Parts,eBay Motors|Parts & Accessories|Car & Truck Parts & Accessories|Ignition Systems & Components|Additional Distributor Parts
262183,Ignition Coils,eBay Motors|Parts & Accessories|Car & Truck Parts & Accessories|Ignition Systems & Components|Ignition Coils
262184,Ignition Condensers,eBay Motors|Parts & Accessories|Car & Truck Parts & Accessories|Ignition Systems & Components|Ignition Condensers
262185,Ignition Modules,eBay Motors|Parts & Accessories|Car & Truck Parts & Accessories|Ignition Systems & Components|Ignition Modules
262186,Ignition Points,eBay Motors|Parts & Accessories|Car & Truck Parts & Accessories|Ignition Systems & Components|Ignition Points
262188,Center & Overhead Consoles,"eBay Motors|Parts & Accessories|Car & Truck Parts & Accessories|Interior Parts & Accessories|Center, Overhead Consoles & Parts|Center & Overhead Consoles"
262189,Center & Overhead Console Parts,"eBay Motors|Parts & Accessories|Car & Truck Parts & Accessories|Interior Parts & Accessories|Center, Overhead Consoles & Parts|Center & Overhead Console Parts"
262191,Dash Panels,eBay Motors|Parts & Accessories|Car & Truck Parts & Accessories|Interior Parts & Accessories|Dash Panels & Glove Boxes|Dash Panels
262192,Individual Gauges,eBay Motors|Parts & Accessories|Car & Truck Parts & Accessories|Interior Parts & Accessories|Gauges|Individual Gauges
262193,Interior Hardware & Clips,eBay Motors|Parts & Accessories|Car & Truck Parts & Accessories|Interior Parts & Accessories|Interior Hardware & Clips
262194,Interior Locks & Lock Hardware,eBay Motors|Parts & Accessories|Car & Truck Parts & Accessories|Interior Parts & Accessories|Interior Locks & Lock Hardware
262196,Other Interior Safety,eBay Motors|Parts & Accessories|Car & Truck Parts & Accessories|Interior Parts & Accessories|Interior Safety|Other Interior Safety
262197,Mobility & Adaptive Driving Controls,eBay Motors|Parts & Accessories|Car & Truck Parts & Accessories|Interior Parts & Accessories|Mobility & Adaptive Driving Controls
262198,Power Outlets & Lighters,eBay Motors|Parts & Accessories|Car & Truck Parts & Accessories|Interior Parts & Accessories|Power Outlets & Lighters
262200,Headrests,"eBay Motors|Parts & Accessories|Car & Truck Parts & Accessories|Interior Parts & Accessories|Seats, Parts & Accessories|Headrests"
262201,Additional Seat Parts,"eBay Motors|Parts & Accessories|Car & Truck Parts & Accessories|Interior Parts & Accessories|Seats, Parts & Accessories|Additional Seat Parts"
262203,Additional Storage & Organizers,eBay Motors|Parts & Accessories|Car & Truck Parts & Accessories|Interior Parts & Accessories|Storage & Organizers|Additional Storage & Organizers
262204,Sun & Privacy Shades,eBay Motors|Parts & Accessories|Car & Truck Parts & Accessories|Interior Parts & Accessories|Sun & Privacy Shades
262205,Center & Third Brake Light Assemblies,eBay Motors|Parts & Accessories|Car & Truck Parts & Accessories|Lighting & Lamps|Center & Third Brake Light Assemblies
262206,Daytime Running Lights,eBay Motors|Parts & Accessories|Car & Truck Parts & Accessories|Lighting & Lamps|Daytime Running Lights
262207,Headlight Ballasts & Igniters,eBay Motors|Parts & Accessories|Car & Truck Parts & Accessories|Lighting & Lamps|Headlight Ballasts & Igniters
262208,License Plate Light Assemblies,eBay Motors|Parts & Accessories|Car & Truck Parts & Accessories|Lighting & Lamps|License Plate Light Assemblies
262209,Light Mounts & Brackets,eBay Motors|Parts & Accessories|Car & Truck Parts & Accessories|Lighting & Lamps|Light Mounts & Brackets
262210,"Sockets, Connectors & Wiring","eBay Motors|Parts & Accessories|Car & Truck Parts & Accessories|Lighting & Lamps|Sockets, Connectors & Wiring"
262213,Accessory & Off Road Lighting,eBay Motors|Parts & Accessories|Car & Truck Parts & Accessories|Lighting & Lamps|Accessory Lighting|Accessory & Off Road Lighting
262214,Wheel & Underbody Lights,eBay Motors|Parts & Accessories|Car & Truck Parts & Accessories|Lighting & Lamps|Accessory Lighting|Wheel & Underbody Lights
262216,Anchors,eBay Motors|Parts & Accessories|Car & Truck Parts & Accessories|Racks & Cargo Carriers|Anchors
262217,Cargo Bars,eBay Motors|Parts & Accessories|Car & Truck Parts & Accessories|Racks & Cargo Carriers|Cargo Bars
262218,Watersport Racks,eBay Motors|Parts & Accessories|Car & Truck Parts & Accessories|Racks & Cargo Carriers|Watersport Racks
262219,Roof Rack Accessories,eBay Motors|Parts & Accessories|Car & Truck Parts & Accessories|Racks & Cargo Carriers|Roof Rack Accessories
262220,Other Racks & Cargo Carriers,eBay Motors|Parts & Accessories|Car & Truck Parts & Accessories|Racks & Cargo Carriers|Other Racks & Cargo Carriers
262221,Fuses & Fuse Boxes,"eBay Motors|Parts & Accessories|Car & Truck Parts & Accessories|Starters, Alternators, ECUs & Wiring|Fuses & Fuse Boxes"
262222,Relays,"eBay Motors|Parts & Accessories|Car & Truck Parts & Accessories|Starters, Alternators, ECUs & Wiring|Relays"
262223,"Gearbox, Rack & Pinion Parts","eBay Motors|Parts & Accessories|Car & Truck Parts & Accessories|Steering & Suspension|Gearbox, Rack & Pinion Parts"
262224,King Pins,eBay Motors|Parts & Accessories|Car & Truck Parts & Accessories|Steering & Suspension|King Pins
262225,Power Steering Hoses,eBay Motors|Parts & Accessories|Car & Truck Parts & Accessories|Steering & Suspension|Power Steering Hoses
262226,Power Steering Pump Parts,eBay Motors|Parts & Accessories|Car & Truck Parts & Accessories|Steering & Suspension|Power Steering Pump Parts
262227,"Radius, Swing & Trailing Arms","eBay Motors|Parts & Accessories|Car & Truck Parts & Accessories|Steering & Suspension|Radius, Swing & Trailing Arms"
262228,Shock & Strut Mounts,eBay Motors|Parts & Accessories|Car & Truck Parts & Accessories|Steering & Suspension|Shock & Strut Mounts
262229,Steering & Suspension Bushings,eBay Motors|Parts & Accessories|Car & Truck Parts & Accessories|Steering & Suspension|Steering & Suspension Bushings
262230,Steering Knuckles,eBay Motors|Parts & Accessories|Car & Truck Parts & Accessories|Steering & Suspension|Steering Knuckles
262231,Steering Stabilizers,eBay Motors|Parts & Accessories|Car & Truck Parts & Accessories|Steering & Suspension|Steering Stabilizers
262234,Hitch Extenders & Adapters,eBay Motors|Parts & Accessories|Car & Truck Parts & Accessories|Towing Parts & Accessories|Towing Accessories|Hitch Extenders & Adapters
262235,Safety Chains & Cables,eBay Motors|Parts & Accessories|Car & Truck Parts & Accessories|Towing Parts & Accessories|Towing Accessories|Safety Chains & Cables
262236,Weight Distribution & Sway Control,eBay Motors|Parts & Accessories|Car & Truck Parts & Accessories|Towing Parts & Accessories|Towing Accessories|Weight Distribution & Sway Control
262237,Other Towing Accessories,eBay Motors|Parts & Accessories|Car & Truck Parts & Accessories|Towing Parts & Accessories|Towing Accessories|Other Towing Accessories
262238,Axles,eBay Motors|Parts & Accessories|Car & Truck Parts & Accessories|Transmission & Drivetrain|Axles
262240,Clutch Hydraulics,eBay Motors|Parts & Accessories|Car & Truck Parts & Accessories|Transmission & Drivetrain|Clutch Parts & Kits|Clutch Hydraulics
262241,Clutch Kits,eBay Motors|Parts & Accessories|Car & Truck Parts & Accessories|Transmission & Drivetrain|Clutch Parts & Kits|Clutch Kits
262242,Additional Clutch Parts,eBay Motors|Parts & Accessories|Car & Truck Parts & Accessories|Transmission & Drivetrain|Clutch Parts & Kits|Additional Clutch Parts
262243,CV Axle Assemblies,eBay Motors|Parts & Accessories|Car & Truck Parts & Accessories|Transmission & Drivetrain|CV Axle Assemblies
262245,Differential Assemblies,"eBay Motors|Parts & Accessories|Car & Truck Parts & Accessories|Transmission & Drivetrain|Differentials, Assemblies & Parts|Differential Assemblies"
262246,Differential Bearings,"eBay Motors|Parts & Accessories|Car & Truck Parts & Accessories|Transmission & Drivetrain|Differentials, Assemblies & Parts|Differential Bearings"
262247,Differential Rebuild Kits,"eBay Motors|Parts & Accessories|Car & Truck Parts & Accessories|Transmission & Drivetrain|Differentials, Assemblies & Parts|Differential Rebuild Kits"
262248,Seals & Gaskets,"eBay Motors|Parts & Accessories|Car & Truck Parts & Accessories|Transmission & Drivetrain|Differentials, Assemblies & Parts|Seals & Gaskets"
262249,Additional Differential Parts,"eBay Motors|Parts & Accessories|Car & Truck Parts & Accessories|Transmission & Drivetrain|Differentials, Assemblies & Parts|Additional Differential Parts"
262251,Driveshafts,eBay Motors|Parts & Accessories|Car & Truck Parts & Accessories|Transmission & Drivetrain|Driveshafts & Parts|Driveshafts
262252,Driveshaft Bearings & U-Joints,eBay Motors|Parts & Accessories|Car & Truck Parts & Accessories|Transmission & Drivetrain|Driveshafts & Parts|Driveshaft Bearings & U-Joints
262253,Additional Driveshaft Parts,eBay Motors|Parts & Accessories|Car & Truck Parts & Accessories|Transmission & Drivetrain|Driveshafts & Parts|Additional Driveshaft Parts
262254,Drivetrain Hardware & Fasteners,eBay Motors|Parts & Accessories|Car & Truck Parts & Accessories|Transmission & Drivetrain|Drivetrain Hardware & Fasteners
262255,Oil Coolers & Lines,eBay Motors|Parts & Accessories|Car & Truck Parts & Accessories|Transmission & Drivetrain|Oil Coolers & Lines
262256,Transfer Cases,eBay Motors|Parts & Accessories|Car & Truck Parts & Accessories|Transmission & Drivetrain|Transfer Cases
262257,Transfer Case Parts,eBay Motors|Parts & Accessories|Car & Truck Parts & Accessories|Transmission & Drivetrain|Transfer Case Parts
262258,Transmission & Drivetrain Mounts,eBay Motors|Parts & Accessories|Car & Truck Parts & Accessories|Transmission & Drivetrain|Transmission & Drivetrain Mounts
262259,Transmission Control Modules,eBay Motors|Parts & Accessories|Car & Truck Parts & Accessories|Transmission & Drivetrain|Transmission Control Modules
262260,Transmission Gaskets & Seals,eBay Motors|Parts & Accessories|Car & Truck Parts & Accessories|Transmission & Drivetrain|Transmission Gaskets & Seals
262261,"Wiring, Harnesses & Connectors","eBay Motors|Parts & Accessories|Car & Truck Parts & Accessories|Transmission & Drivetrain|Wiring, Harnesses & Connectors"
262265,Spare Tire Jack & Tool Kits,"eBay Motors|Parts & Accessories|Car & Truck Parts & Accessories|Wheels, Tires & Parts|Wheel & Tire Accessories|Spare Tire Jack & Tool Kits"
