sub_category_id,sub_category_name,belongs_to_categories
101,ABS Components,Brake
102,A/C Accumulator / Receiver Drier,HVAC
103,A/C Clutch and Compressor,Engine;HVAC
104,A/C Condenser and Evaporator,"HVAC;Vehicles, Equipment, Tools, and Supplies"
106,Aero Ground Effects and Body Kits,Body
107,Air Bag System,"Electrical, Lighting and Body;Suspension;Vehicles, Equipment, Tools, and Supplies"
108,Air Injection System,"Air and Fuel Delivery;Emission Control;Vehicles, Equipment, Tools, and Supplies"
109,Air Tools,Hardware and Service Supplies
110,Alternator / Generator and Related Components,"Electrical, Charging and Starting;HVAC"
111,Anti-Theft System,"Body;Brake;Electrical, Lighting and Body;Entertainment and Telematics"
112,Appearance Products,"Body;Driveline and Axles;Electrical, Charging and Starting;Engine;Suspension;Transmission"
115,Axle Shaft,"Driveline and Axles;Vehicles, Equipment, Tools, and Supplies"
116,Battery and Related Components,"Accessories;Air and Fuel Delivery;Body;Electrical, Charging and Starting;Electrical, Lighting and Body;Entertainment and Telematics;Vehicles, Equipment, Tools, and Supplies"
118,Body Wiring Harness and Components,"Air and Fuel Delivery;Body;Brake;Electrical, Lighting and Body;Engine;HVAC"
119,"Body and Frame Equipment, Tools and Supplies","Body;Vehicles, Equipment, Tools, and Supplies"
120,"Brackets, Flanges and Hangers","Accessories;Air and Fuel Delivery;Belts and Cooling;Body;Brake;Driveline and Axles;Electrical, Charging and Starting;Electrical, Lighting and Body;Emission Control;Engine;Entertainment and Telematics;Exhaust;HVAC;Hardware and Service Supplies;Household, Shop and Office Products;Ignition;Multifunction Terms;Plumbing;Steering;Suspension;Tire and Wheel;Transfer Case;Transmission;Vehicles, Equipment, Tools, and Supplies;Wiper and Washer"
122,Brake Hydraulics,Brake
123,Bumper,Body;HVAC
125,Carburetion,Air and Fuel Delivery
126,Catalytic Converter,"Electrical, Lighting and Body;Exhaust"
127,Clamps,"Air and Fuel Delivery;Belts and Cooling;Brake;Electrical, Charging and Starting;Emission Control;HVAC;Hardware and Service Supplies;Steering;Transmission"
128,Clutch Plates,Transmission
129,Console,"Body;Electrical, Lighting and Body"
130,Control Cables,"Air and Fuel Delivery;Body;Brake;Driveline and Axles;Electrical, Charging and Starting;Electrical, Lighting and Body;Hardware and Service Supplies;Transfer Case;Transmission"
131,Control Modules,"Air and Fuel Delivery;Belts and Cooling;Body;Brake;Driveline and Axles;Electrical, Charging and Starting;Electrical, Lighting and Body;Emission Control;Engine;Entertainment and Telematics;Exhaust;HVAC;Household, Shop and Office Products;Ignition;Steering;Suspension;Tire and Wheel;Transfer Case;Transmission;Wiper and Washer"
132,"Cooling Fan, Clutch and Motor","Air and Fuel Delivery;Belts and Cooling;Electrical, Lighting and Body;HVAC;Transmission;Vehicles, Equipment, Tools, and Supplies"
133,Cowl,Body
134,Crankcase Ventilation System,Emission Control
135,Cruise Control System,"Electrical, Lighting and Body"
136,Cylinder Block Components,"Accessories;Air and Fuel Delivery;Engine;HVAC;Vehicles, Equipment, Tools, and Supplies"
137,Differential,"Driveline and Axles;Suspension;Vehicles, Equipment, Tools, and Supplies"
138,Disc Pads and Brake Shoes,"Brake;Vehicles, Equipment, Tools, and Supplies"
139,Doors,"Body;Electrical, Lighting and Body;HVAC;Hardware and Service Supplies;Vehicles, Equipment, Tools, and Supplies"
140,Drive Shaft,"Driveline and Axles;Vehicles, Equipment, Tools, and Supplies"
141,Drums and Rotors,Brake
142,EGR and Related Components,"Emission Control;Vehicles, Equipment, Tools, and Supplies"
143,Electrical Connectors,"Accessories;Air and Fuel Delivery;Belts and Cooling;Body;Brake;Driveline and Axles;Electrical, Charging and Starting;Electrical, Lighting and Body;Emission Control;Engine;Entertainment and Telematics;Exhaust;HVAC;Hardware and Service Supplies;Ignition;Multifunction Terms;Steering;Suspension;Tire and Wheel;Transfer Case;Transmission;Vehicles, Equipment, Tools, and Supplies;Wiper and Washer"
144,Electrical Sockets,"Brake;Electrical, Charging and Starting;Electrical, Lighting and Body;Emission Control;Engine;Entertainment and Telematics;HVAC;Ignition;Transmission;Wiper and Washer"
145,Electronic Accessories,"Electrical, Lighting and Body;Entertainment and Telematics"
147,Engine Service,"Body;Electrical, Lighting and Body;Emission Control;Engine;Vehicles, Equipment, Tools, and Supplies"
148,Evaporative System,Emission Control
149,Exhaust and Tail Pipes,Exhaust
150,Exhaust Manifolds,"Exhaust;Vehicles, Equipment, Tools, and Supplies"
151,Exhaust System Service,"Exhaust;Vehicles, Equipment, Tools, and Supplies"
152,Fenders,"Body;Electrical, Lighting and Body"
153,Filters,"Air and Fuel Delivery;Belts and Cooling;Brake;Driveline and Axles;Emission Control;Engine;HVAC;Steering;Transmission;Vehicles, Equipment, Tools, and Supplies"
154,"Flasher Units, Fuses, and Circuit Breakers","Electrical, Charging and Starting;Electrical, Lighting and Body;Multifunction Terms"
155,Flexplate,Transmission
156,Floor,"Body;Brake;Electrical, Lighting and Body"
157,Flywheel,"Engine;Transmission;Vehicles, Equipment, Tools, and Supplies"
158,Frame,"Body;Electrical, Lighting and Body;HVAC;Vehicles, Equipment, Tools, and Supplies"
159,Front Panel,Body
160,Fuel Injection System and Related Components,"Air and Fuel Delivery;Emission Control;Engine;Hardware and Service Supplies;Vehicles, Equipment, Tools, and Supplies"
161,Fuel Pumps and Related Components,Air and Fuel Delivery;Engine;HVAC
162,Fuel Storage,"Air and Fuel Delivery;Body;Electrical, Lighting and Body;Vehicles, Equipment, Tools, and Supplies"
163,Fuel System Service,"Air and Fuel Delivery;Engine;Vehicles, Equipment, Tools, and Supplies"
164,"Functional Fluid, Lubricant, Grease (including Additives)","Oil, Fluids and Chemicals;Vehicles, Equipment, Tools, and Supplies"
165,Gaskets and Sealing Systems,"Air and Fuel Delivery;Belts and Cooling;Body;Brake;Driveline and Axles;Electrical, Charging and Starting;Electrical, Lighting and Body;Emission Control;Engine;Entertainment and Telematics;Exhaust;HVAC;Hardware and Service Supplies;Ignition;Multifunction Terms;Plumbing;Steering;Suspension;Tire and Wheel;Transfer Case;Transmission;Vehicles, Equipment, Tools, and Supplies;Wiper and Washer"
166,"Glass, Windows and Related Components","Body;Electrical, Lighting and Body;HVAC"
167,Glove Box,Body
169,Grille,"Body;Electrical, Lighting and Body;HVAC"
170,Hand Tools,"Electrical, Lighting and Body;Engine;Vehicles, Equipment, Tools, and Supplies"
171,Heater Control Valve and Related Components,HVAC
173,Heater Switches and Electrical Components,Body;HVAC
174,"Hoist, Lift and Support","Body;Multifunction Terms;Vehicles, Equipment, Tools, and Supplies"
175,Hood,"Air and Fuel Delivery;Body;Electrical, Lighting and Body"
177,Hoses and Pipes,"Air and Fuel Delivery;Belts and Cooling;Body;Brake;Driveline and Axles;Electrical, Charging and Starting;Electrical, Lighting and Body;Emission Control;Engine;Exhaust;HVAC;Hardware and Service Supplies;Plumbing;Steering;Suspension;Tire and Wheel;Transmission;Vehicles, Equipment, Tools, and Supplies"
178,Instrument Panel,"Air and Fuel Delivery;Body;Electrical, Lighting and Body;Emission Control;Engine;Entertainment and Telematics;HVAC;Suspension;Transmission;Vehicles, Equipment, Tools, and Supplies"
179,Interior,"Body;Electrical, Lighting and Body;Entertainment and Telematics;HVAC"
180,Lighting - Exterior,"Accessories;Body;Electrical, Charging and Starting;Electrical, Lighting and Body;Vehicles, Equipment, Tools, and Supplies;Wiper and Washer"
181,Lighting - Instrumentation,"Brake;Driveline and Axles;Electrical, Lighting and Body;HVAC;Suspension;Transmission;Vehicles, Equipment, Tools, and Supplies;Wiper and Washer"
182,Lighting - Interior,"Accessories;Body;Electrical, Lighting and Body"
183,Manual Transmission Components,Transmission
184,Mirrors,Body
185,Mobile Multi-Media,"Electrical, Charging and Starting;Electrical, Lighting and Body;Entertainment and Telematics;Vehicles, Equipment, Tools, and Supplies"
186,Motors,"Body;Electrical, Lighting and Body;Engine;HVAC;Multifunction Terms;Steering;Transfer Case;Wiper and Washer"
187,Mufflers,Exhaust
188,Power Outlets,"Electrical, Lighting and Body"
189,"Power Steering Hoses, Pumps, and Related Components","Steering;Vehicles, Equipment, Tools, and Supplies"
190,Primary Ignition,"Ignition;Vehicles, Equipment, Tools, and Supplies"
191,Power Take Off (PTO) and Components,Driveline and Axles
192,Quarter Panel,Body
193,"Radiators, Coolers and Related Components",Air and Fuel Delivery;Belts and Cooling;HVAC;Transmission
194,Rear Body,"Body;Electrical, Lighting and Body"
195,Relays,"Air and Fuel Delivery;Belts and Cooling;Body;Brake;Driveline and Axles;Electrical, Charging and Starting;Electrical, Lighting and Body;Emission Control;Engine;Entertainment and Telematics;Exhaust;HVAC;Ignition;Steering;Suspension;Transfer Case;Transmission;Vehicles, Equipment, Tools, and Supplies;Wiper and Washer"
196,Resistors,"Brake;Electrical, Lighting and Body;HVAC;Transmission;Vehicles, Equipment, Tools, and Supplies"
197,Rocker Panel,Body
198,Roof,"Body;Vehicles, Equipment, Tools, and Supplies"
199,Seats,Body;Brake;HVAC;Hardware and Service Supplies
200,Secondary Ignition,Ignition
201,Sending Units,Belts and Cooling;Engine
202,Sensors,"Air and Fuel Delivery;Belts and Cooling;Body;Brake;Driveline and Axles;Electrical, Charging and Starting;Electrical, Lighting and Body;Emission Control;Engine;Entertainment and Telematics;Exhaust;HVAC;Ignition;Steering;Suspension;Tire and Wheel;Transfer Case;Transmission;Vehicles, Equipment, Tools, and Supplies;Wiper and Washer"
203,Shocks and Struts,"Body;Suspension;Vehicles, Equipment, Tools, and Supplies"
204,Side Pillar,Body
205,Spare Tire and Wheel,Body;Tire and Wheel
206,Starter and Related Components,"Electrical, Charging and Starting;Engine;HVAC"
207,Steering Column,"Electrical, Lighting and Body;Steering;Vehicles, Equipment, Tools, and Supplies"
208,Steering Wheel,"Body;Electrical, Lighting and Body;Transmission"
210,"Suspension, Springs and Related Components","Body;Driveline and Axles;Steering;Suspension;Vehicles, Equipment, Tools, and Supplies"
211,"Switches, Solenoids and Actuators","Accessories;Air and Fuel Delivery;Belts and Cooling;Body;Brake;Driveline and Axles;Electrical, Charging and Starting;Electrical, Lighting and Body;Emission Control;Engine;Entertainment and Telematics;Exhaust;HVAC;Hardware and Service Supplies;Ignition;Multifunction Terms;Steering;Suspension;Tire and Wheel;Transfer Case;Transmission;Vehicles, Equipment, Tools, and Supplies;Wiper and Washer"
212,Tailgate and Midgate,Body
214,Tire,"Tire and Wheel;Vehicles, Equipment, Tools, and Supplies"
215,Towing,"Body;Electrical, Lighting and Body;Vehicles, Equipment, Tools, and Supplies"
216,Transmission Bands,Transmission
217,Transmission Bushings,Transmission
219,Transmission Hard Parts,Body;Transmission
220,Transmission Valve Body,Transmission
221,Transfer Case Components,"Driveline and Axles;Transfer Case;Transmission;Vehicles, Equipment, Tools, and Supplies"
222,Truck Box,Body
223,Truck Cab,Body
224,Trunk Lid and Compartment,"Body;Electrical, Lighting and Body"
225,"Turbocharger, Supercharger and Ram Air",Air and Fuel Delivery;Belts and Cooling
226,Vacuum System,Air and Fuel Delivery;Emission Control;Engine;Hardware and Service Supplies
227,Valve Train Components,"Engine;HVAC;Vehicles, Equipment, Tools, and Supplies"
228,Valves,"Air and Fuel Delivery;Body;Brake;Driveline and Axles;Electrical, Lighting and Body;Engine;HVAC;Hardware and Service Supplies;Plumbing;Steering;Suspension;Transfer Case;Transmission"
229,Voltage Regulator,"Electrical, Charging and Starting"
230,Warning Buzzers,"Air and Fuel Delivery;Body;Brake;Driveline and Axles;Electrical, Lighting and Body;Emission Control;Engine;Entertainment and Telematics"
231,Water Pump and Related Components,"Belts and Cooling;Electrical, Charging and Starting;HVAC;Vehicles, Equipment, Tools, and Supplies"
233,Wheel,"Accessories;Driveline and Axles;Tire and Wheel;Vehicles, Equipment, Tools, and Supplies"
234,"Wheel Bearings, Seals, and Related Components",Driveline and Axles
235,Windshield Washer and Related Components,"Body;Vehicles, Equipment, Tools, and Supplies;Wiper and Washer"
236,"Wiper Arm, Blade, and Related Components",Body;Wiper and Washer
238,Wiper and Washer Sensors,Wiper and Washer
240,"Wire, Cable and Related Components","Air and Fuel Delivery;Belts and Cooling;Body;Brake;Driveline and Axles;Electrical, Charging and Starting;Electrical, Lighting and Body;Emission Control;Engine;Entertainment and Telematics;Exhaust;HVAC;Hardware and Service Supplies;Ignition;Steering;Suspension;Tire and Wheel;Transfer Case;Transmission;Vehicles, Equipment, Tools, and Supplies;Wiper and Washer"
243,Tubing,Hardware and Service Supplies
244,Ignition Wire and Related Components,Ignition
246,"Hardware, Fasteners and Fittings","Accessories;Air and Fuel Delivery;Belts and Cooling;Body;Brake;Driveline and Axles;Electrical, Charging and Starting;Electrical, Lighting and Body;Emission Control;Engine;Entertainment and Telematics;Exhaust;HVAC;Hardware and Service Supplies;Household, Shop and Office Products;Ignition;Multifunction Terms;Plumbing;Steering;Suspension;Tire and Wheel;Transfer Case;Transmission;Vehicles, Equipment, Tools, and Supplies;Wiper and Washer"
247,Automatic Transmission Components,Transmission
248,Brake System Service,"Brake;Vehicles, Equipment, Tools, and Supplies"
249,"Shop Equipment, Tools and Accessories","Accessories;Hardware and Service Supplies;Tire and Wheel;Vehicles, Equipment, Tools, and Supplies"
250,Books and Manuals,"Household, Shop and Office Products"
251,Decals and Emblems,"Accessories;Body;Electrical, Charging and Starting;Electrical, Lighting and Body;Transfer Case"
252,Hatch,Body
253,Vacuum Power System,Body;HVAC
254,CV Components,"Driveline and Axles;Vehicles, Equipment, Tools, and Supplies"
255,Water System Service,"Hardware and Service Supplies;Vehicles, Equipment, Tools, and Supplies"
258,Safety Products,"Body;Household, Shop and Office Products;Vehicles, Equipment, Tools, and Supplies"
259,Cleaning Products,"Household, Shop and Office Products;Oil, Fluids and Chemicals;Vehicles, Equipment, Tools, and Supplies"
261,Signage,"Accessories;Body;Household, Shop and Office Products;Vehicles, Equipment, Tools, and Supplies"
262,"Wax, Polishes and Detailers","Oil, Fluids and Chemicals"
263,Miscellaneous Merchandise,"Accessories;Household, Shop and Office Products"
264,Battery Service,"Vehicles, Equipment, Tools, and Supplies"
266,Nitrous Oxide Injection System,"Air and Fuel Delivery;Vehicles, Equipment, Tools, and Supplies"
267,Software,"Vehicles, Equipment, Tools, and Supplies"
268,Tire Service,"Tire and Wheel;Vehicles, Equipment, Tools, and Supplies"
269,Plating Products,"Vehicles, Equipment, Tools, and Supplies"
270,Furniture,"Household, Shop and Office Products"
272,Raw Materials,"Household, Shop and Office Products"
273,Handlebar and Controls,"Body;Electrical, Lighting and Body;Steering;Suspension"
275,Chassis and Suspension Service,"Body;Vehicles, Equipment, Tools, and Supplies"
277,Pit Equipment,"Vehicles, Equipment, Tools, and Supplies"
279,Water Injection System and Components,Air and Fuel Delivery
282,Emission Components,Air and Fuel Delivery;Emission Control;Exhaust;HVAC
283,Universal,Body;Brake
284,Transmission Service,"Hardware and Service Supplies;Transmission;Vehicles, Equipment, Tools, and Supplies"
285,Air Heater Components,Body;HVAC
288,A/C Service,"HVAC;Vehicles, Equipment, Tools, and Supplies"
289,Side Body,Body
290,"Adhesives, Sealants and Tape","Accessories;Body;Oil, Fluids and Chemicals"
292,Carbon Dioxide Injection System,Air and Fuel Delivery
294,Hydraulic System Service,"Brake;Vehicles, Equipment, Tools, and Supplies"
297,Differential Service,"Vehicles, Equipment, Tools, and Supplies"
299,Van Storage,Body
301,Driveline,"Driveline and Axles;Vehicles, Equipment, Tools, and Supplies"
303,Accessory Drive Belt System Components,Belts and Cooling;Engine;HVAC
304,Drive Chain and Belt Components,Air and Fuel Delivery;Driveline and Axles;Transmission
305,Automatic Dual Clutch Transmission Components,Transmission
308,Undercar,Brake;Multifunction Terms
309,Underhood,"Accessories;Air and Fuel Delivery;Body;Electrical, Lighting and Body;Multifunction Terms"
311,Information Labels,"Accessories;Air and Fuel Delivery;Belts and Cooling;Body;Brake;Electrical, Charging and Starting;Electrical, Lighting and Body;Emission Control;Engine;HVAC;Household, Shop and Office Products;Steering;Tire and Wheel;Transmission;Vehicles, Equipment, Tools, and Supplies"
315,Service Kits,"Air and Fuel Delivery;Body;Brake;Driveline and Axles;Electrical, Lighting and Body;Emission Control;Engine;Exhaust;HVAC;Hardware and Service Supplies;Ignition;Multifunction Terms;Oil, Fluids and Chemicals;Steering;Suspension;Transfer Case;Transmission;Vehicles, Equipment, Tools, and Supplies;Wiper and Washer"
316,"Steering, Gear and Related Components","Driveline and Axles;Steering;Suspension;Vehicles, Equipment, Tools, and Supplies"
317,Bearings,"Air and Fuel Delivery;Belts and Cooling;Body;Brake;Driveline and Axles;Electrical, Charging and Starting;Emission Control;Engine;HVAC;Hardware and Service Supplies;Ignition;Multifunction Terms;Plumbing;Steering;Suspension;Transfer Case;Transmission;Vehicles, Equipment, Tools, and Supplies"
318,"Motors, Core, Case and Related Components",Engine;HVAC
319,Temperature Controls and Related Components,HVAC
320,A/C Flow Restrictors,HVAC
322,Distributor and Magneto,Ignition
323,Ignition Coil,"Ignition;Vehicles, Equipment, Tools, and Supplies"
324,Alignment,Suspension
328,Assortments,"Brake;Electrical, Lighting and Body;Hardware and Service Supplies;Vehicles, Equipment, Tools, and Supplies;Wiper and Washer"
330,"Lawn and Garden Equipment, Tools and Accessories","Household, Shop and Office Products;Vehicles, Equipment, Tools, and Supplies"
337,Cooling System Service,"HVAC;Vehicles, Equipment, Tools, and Supplies"
339,RV and Marine Accessories,Accessories;Body;Plumbing
340,Displays and Merchandisers,Hardware and Service Supplies
343,Horns,Body
344,Ignition Service,"Vehicles, Equipment, Tools, and Supplies"
345,Power Steering Service,"Vehicles, Equipment, Tools, and Supplies"
346,Welding Equipment,"Vehicles, Equipment, Tools, and Supplies"
347,Winch,"Vehicles, Equipment, Tools, and Supplies"
356,Body Actuators and Motors,"Body;Brake;Electrical, Lighting and Body;HVAC;Steering"
357,Dashboard,"Body;Electrical, Lighting and Body;Entertainment and Telematics;Transmission"
359,Telematics Systems and Components,"Body;Electrical, Lighting and Body;Entertainment and Telematics;Vehicles, Equipment, Tools, and Supplies"
376,Thermostat and Housing,Air and Fuel Delivery;Belts and Cooling;HVAC
391,Front Body,Body
392,CV Boots and Related Components,Driveline and Axles
393,Hubs and Related Components,"Driveline and Axles;Vehicles, Equipment, Tools, and Supplies"
436,Waste Disposal Equipment,"Vehicles, Equipment, Tools, and Supplies"
437,Powersport Accessories,Accessories;Body
438,Pest Control,"Household, Shop and Office Products"
441,"Personal Care, Health and Wellness","Household, Shop and Office Products"
442,Transmission Components,Driveline and Axles;Engine;HVAC;Transmission
443,Kitchen and Dining,"Household, Shop and Office Products"
444,Pumps,"Air and Fuel Delivery;Body;Electrical, Lighting and Body;Engine;Suspension"
445,"Clothing, Shoes, Jewelry and Accessories","Household, Shop and Office Products"
446,Bed and Bath,"Household, Shop and Office Products"
447,Food and Drink,"Accessories;Household, Shop and Office Products"
448,Office Supplies,"Household, Shop and Office Products;Vehicles, Equipment, Tools, and Supplies"
449,Storage and Organization,"Accessories;Body;Electrical, Charging and Starting;Household, Shop and Office Products"
450,Fresh Water Pump and Related Components,Plumbing
451,Bushings,"Air and Fuel Delivery;Belts and Cooling;Body;Brake;Driveline and Axles;Electrical, Charging and Starting;Electrical, Lighting and Body;Emission Control;Engine;Entertainment and Telematics;Exhaust;HVAC;Hardware and Service Supplies;Ignition;Steering;Suspension;Tire and Wheel;Transfer Case;Transmission;Vehicles, Equipment, Tools, and Supplies;Wiper and Washer"
452,Paint and Coatings,"Body;Oil, Fluids and Chemicals;Vehicles, Equipment, Tools, and Supplies"
453,Conditioners and Protectants,"Oil, Fluids and Chemicals"
454,Cleaners and Removers,"Oil, Fluids and Chemicals"
455,Sports and Outdoors,"Household, Shop and Office Products"
456,Underhood Accessories,"Accessories;Electrical, Lighting and Body"
457,Exterior Accessories,Accessories;Body
458,Interior Accessories,"Accessories;Electrical, Lighting and Body;Entertainment and Telematics;Plumbing"
459,Sleeper Cab,Body
460,Appliances,"Household, Shop and Office Products;Plumbing"
461,Electronics and Toys,"Entertainment and Telematics;Household, Shop and Office Products"
463,Travel Accessories,"Household, Shop and Office Products"
464,"Cleaning Tools, Equipment and Supplies","Vehicles, Equipment, Tools, and Supplies"
465,Marine Vehicles and Equipment,"Transmission;Vehicles, Equipment, Tools, and Supplies"
467,Industrial Equipment and Accessories,"Vehicles, Equipment, Tools, and Supplies"
468,Construction Equipment and Accessories,"Vehicles, Equipment, Tools, and Supplies"
469,Agricultural Equipment,"Vehicles, Equipment, Tools, and Supplies"
470,Powersport Vehicles,"Vehicles, Equipment, Tools, and Supplies"
471,Medium and Heavy Duty Vehicles,"Suspension;Vehicles, Equipment, Tools, and Supplies"
472,Light Duty Vehicles,"Vehicles, Equipment, Tools, and Supplies"
473,Power Generation Equipment,"Vehicles, Equipment, Tools, and Supplies"
474,Power Take Off Unit (PTU) and Components,Driveline and Axles
475,Pet Supplies and Accessories,"Household, Shop and Office Products"
476,Underbody,Tire and Wheel
477,"Welding Equipment, Tools and Accessories","Vehicles, Equipment, Tools, and Supplies"
478,"Safety Equipment, Tools and Accessories","Accessories;Household, Shop and Office Products;Vehicles, Equipment, Tools, and Supplies;Wiper and Washer"
479,"Paint Equipment, Tools and Accessories","Vehicles, Equipment, Tools, and Supplies"
480,"Tow, Hoist and Lift Tools and Accessories","Accessories;Vehicles, Equipment, Tools, and Supplies"
481,"Power, Air, and Hand Tools and Accessories","Vehicles, Equipment, Tools, and Supplies"
482,Outdoor Cooking,"Household, Shop and Office Products"
483,Foot Controls,Brake
